<?xml version="1.0" encoding="UTF-8"?>

<mule xmlns:http="http://www.mulesoft.org/schema/mule/http" xmlns="http://www.mulesoft.org/schema/mule/core" xmlns:doc="http://www.mulesoft.org/schema/mule/documentation"
	xmlns:spring="http://www.springframework.org/schema/beans" 
	xmlns:xsi="http://www.w3.org/2001/XMLSchema-instance"
	xsi:schemaLocation="http://www.springframework.org/schema/beans http://www.springframework.org/schema/beans/spring-beans-current.xsd
http://www.mulesoft.org/schema/mule/core http://www.mulesoft.org/schema/mule/core/current/mule.xsd
http://www.mulesoft.org/schema/mule/http http://www.mulesoft.org/schema/mule/http/current/mule-http.xsd">
    <http:listener-config name="HTTP_Listener_Configuration" host="0.0.0.0" port="8081" doc:name="HTTP Listener Configuration"/>
    <flow name="mulesFlow">
        <http:listener config-ref="HTTP_Listener_Configuration" path="/test" doc:name="HTTP"/>
        <round-robin doc:name="Round Robin">
            <set-payload value="payload1" doc:name="Set Payload"/>
            <set-payload value="payload2" doc:name="Set Payload"/>
            <set-payload value="fuck you" doc:name="Set Payload"/>
        </round-robin>
    </flow>
</mule>
